push,title,author,date
35,Re: [情報] 川普:在現有關稅基礎上徵收10%，即刻生效,kobebrian,2/21
9,Re: [情報] 川普:在現有關稅基礎上徵收10%，即刻生效,gn02118620,2/21
65,Re: [新聞] 美參院51比47通過決議 終止川普全球關稅政策,GivemeApen,2/21
74,[新聞] 川普:多數貿易協議仍有效 點名台灣偷晶片,leaderweb,2/21
3,[請益] 光模組與晶圓一併封裝 那記憶體呢,hankwtc,2/21
17,Re: [情報] 川普記者會 1:45,zzahoward,2/21
6,[新聞] 遭法院禁售…台灣雙A網站在這國全停擺,STAV72,2/21
2,Re: [新聞] 川普:多數貿易協議仍有效 點名台灣偷晶片,wendy150,2/21
2,[新聞] 台塑籌千億轉型1／石化帝國大轉骨　台塑,brbear,2/21
,[公告] 股票板板規 v4.7 (2024/10/06 修正),rayccccc,7/02
6,[公告] 4-6-1罰則將在1/22開始到年底加重至30天,Paul1021,1/21
98,[閒聊] 2026/02/20 盤後閒聊,laptic,2/20
